step,system_total_stopped,system_total_waiting_time,system_mean_waiting_time,system_mean_speed,t_stopped,t_accumulated_waiting_time,t_average_speed,agents_total_stopped,agents_total_accumulated_waiting_time
5.0,0,0.0,0.0,14.512345596161579,0,0.0,0.958624954990096,0,0.0
10.0,0,0.0,0.0,13.7991642234036,0,0.0,0.9505635691817063,0,0.0
15.0,1,1.0,0.09090909090909091,11.115007404368002,1,1.0,0.7573481291868595,1,1.0
20.0,3,13.0,0.8666666666666667,9.495943353120785,3,13.0,0.612033859533182,3,13.0
25.0,6,35.0,2.0588235294117645,7.307864329418473,6,35.0,0.5017839065553955,6,35.0
30.0,9,75.0,3.75,5.1214261974464375,9,75.0,0.3320010179203427,9,75.0
35.0,13,137.0,5.956521739130435,4.274664696623231,13,137.0,0.24244039882480006,13,137.0
40.0,17,211.0,8.44,2.7176058504346368,17,211.0,0.09612825065003405,17,211.0
45.0,21,310.0,11.071428571428571,2.8631601704374825,21,310.0,0.17615725434607613,21,310.0
50.0,24,420.0,12.727272727272727,2.3891355322603425,24,420.0,0.16363212987021886,24,420.0
55.0,28,549.0,14.447368421052632,2.213157739635792,28,549.0,0.1357205622455364,28,549.0
60.0,34,710.0,18.205128205128204,1.5751842528186548,34,710.0,0.06708262817494975,34,710.0
65.0,37,885.0,20.58139534883721,1.560827518159215,37,885.0,0.048923155669494366,37,885.0
70.0,38,1075.0,25.0,1.4613113251158725,38,1075.0,0.06865949423811238,38,1075.0
75.0,38,1265.0,30.11904761904762,1.2367128496696045,38,1265.0,0.02460679392795473,38,1265.0
80.0,32,1090.0,26.585365853658537,1.3509539137878577,32,1318.0,0.03178873273332523,32,1318.0
85.0,24,766.0,18.682926829268293,3.233150927061207,24,1225.0,0.1059415609791674,24,1225.0
90.0,15,464.0,11.047619047619047,5.685951582784544,15,1002.0,0.21435890260180837,15,1002.0
95.0,6,164.0,4.205128205128205,5.662995591996952,6,1039.0,0.29558519337849753,6,1039.0
100.0,6,22.0,0.6111111111111112,5.195348350138239,6,1064.0,0.24647706269898606,6,1064.0
105.0,13,76.0,2.0,4.008217046005349,13,1118.0,0.23181964610433922,13,1118.0
110.0,20,164.0,4.0,2.776074084870704,20,1206.0,0.13721483234390594,20,1206.0
115.0,26,284.0,6.926829268292683,1.6977234736966416,26,1327.0,0.06504398922800039,26,1327.0
120.0,32,432.0,9.818181818181818,1.7361417425113779,32,1476.0,0.07200788338756005,32,1476.0
125.0,38,613.0,13.931818181818182,1.6927654965682903,38,1659.0,0.06682061391814792,38,1659.0
130.0,32,601.0,14.30952380952381,1.4729445523125644,32,1673.0,0.07727490844415144,32,1673.0
135.0,24,443.0,10.30232558139535,3.028638656245268,24,1498.0,0.11593522684251566,24,1498.0
140.0,17,319.0,7.25,5.708408411076926,17,1162.0,0.20623431999033803,17,1162.0
145.0,8,143.0,3.4878048780487805,5.387386301753973,8,1196.0,0.2531195996193918,8,1196.0
150.0,7,28.0,0.7777777777777778,5.120848264157397,7,1222.0,0.2584399777035733,7,1222.0
155.0,13,81.0,2.076923076923077,4.4698528078612645,13,1275.0,0.2005382513765486,13,1275.0
160.0,21,170.0,4.25,2.66660636616282,21,1364.0,0.14789420756697624,21,1364.0
165.0,22,177.0,4.425,1.282084216771624,22,1304.0,0.05939626170297403,22,1304.0
170.0,20,138.0,3.2857142857142856,2.9952545884304413,20,1079.0,0.1212333694426798,20,1079.0
175.0,17,124.0,2.883720930232558,5.189307277533967,17,703.0,0.16976800009553641,17,703.0
180.0,7,46.0,1.15,5.425684790106925,7,732.0,0.26552816190884954,7,732.0
185.0,7,26.0,0.7027027027027027,5.302924715871207,7,758.0,0.21847448458886418,7,758.0
190.0,13,77.0,2.081081081081081,4.102271365867922,13,810.0,0.1947291298473304,13,810.0
195.0,14,76.0,2.0,2.7456665024005016,14,709.0,0.13386974106626104,14,709.0
200.0,11,45.0,1.1538461538461537,3.7185640077348396,11,518.0,0.1413489450826479,11,518.0
205.0,10,38.0,0.9047619047619048,5.494339230852664,10,341.0,0.21464978131520474,10,341.0
210.0,6,37.0,0.9487179487179487,6.881001547932742,6,220.0,0.3277399398802142,6,220.0
215.0,2,3.0,0.08108108108108109,7.5033642902016915,2,209.0,0.428186103841764,2,209.0
220.0,7,25.0,0.6756756756756757,6.503137133445618,7,228.0,0.3337061446041642,7,228.0
225.0,13,77.0,2.138888888888889,4.477577452289214,13,280.0,0.18937742075285133,13,280.0
230.0,19,156.0,4.216216216216216,3.0544373542838925,19,359.0,0.1340424070773518,19,359.0
235.0,25,267.0,6.675,1.8526151135751974,25,470.0,0.06290915595298283,25,470.0
240.0,26,267.0,6.675,1.4737589116949408,26,520.0,0.07113694690506737,26,520.0
245.0,22,195.0,4.7560975609756095,3.183848433934199,22,487.0,0.11829314732378249,22,487.0
250.0,15,153.0,3.825,4.898984724074924,15,396.0,0.16094928530975547,15,396.0
255.0,8,79.0,2.0256410256410255,5.260563664001078,8,443.0,0.23268061372753868,8,443.0
260.0,6,26.0,0.7878787878787878,4.440540073979142,6,472.0,0.21329460883062665,6,472.0
265.0,13,77.0,2.2,3.363299271977623,13,523.0,0.15167736562968592,13,523.0
270.0,14,80.0,2.2222222222222223,2.5154507841249587,14,525.0,0.1420110260275214,14,525.0
275.0,12,64.0,1.5609756097560976,4.4600631636024675,12,454.0,0.2243126832633003,12,454.0
280.0,10,37.0,0.8222222222222222,6.141334984940461,10,345.0,0.26080290580800586,10,345.0
285.0,8,23.0,0.5476190476190477,5.738319560423285,8,383.0,0.2865190716136605,8,383.0
290.0,8,35.0,0.8974358974358975,5.8887264765307,8,423.0,0.26565299993469893,8,423.0
295.0,13,92.0,2.358974358974359,4.2370590900336085,13,481.0,0.16061754032179482,13,481.0
300.0,15,91.0,2.3333333333333335,2.3650352112116164,15,482.0,0.10609721554514127,15,482.0
305.0,13,60.0,1.4285714285714286,3.9914374682086344,13,403.0,0.1674642166575565,13,403.0
310.0,11,57.0,1.3255813953488371,5.243079030359865,11,268.0,0.19673041444154363,11,268.0
315.0,8,52.0,1.2682926829268293,6.805949082513717,8,233.0,0.3204389437555699,8,233.0
320.0,1,1.0,0.02631578947368421,7.480520727841445,1,194.0,0.437851787178344,1,194.0
325.0,7,24.0,0.5853658536585366,7.602161424054976,7,216.0,0.44591680631053116,7,216.0
330.0,12,75.0,1.829268292682927,5.429234681992581,12,267.0,0.3023132613289602,12,267.0
335.0,18,154.0,3.85,3.666883062154625,18,346.0,0.16391702695088378,18,346.0
340.0,25,265.0,6.162790697674419,2.4946932556025256,25,457.0,0.056084395878604795,25,457.0
345.0,26,268.0,6.090909090909091,1.935713463713789,26,516.0,0.06873110867857542,26,516.0
350.0,23,205.0,4.880952380952381,3.4022019450480085,23,502.0,0.14772398189401373,23,502.0
355.0,14,152.0,3.5348837209302326,5.448773768952516,14,417.0,0.19512852621430266,14,417.0
360.0,7,72.0,1.8461538461538463,6.888502877491646,7,370.0,0.323453124573192,7,370.0
365.0,4,39.0,1.1470588235294117,8.188260616332572,4,268.0,0.4690108865149851,4,268.0
370.0,1,1.0,0.02631578947368421,8.187320120397363,1,232.0,0.5175264888189167,1,232.0
375.0,8,26.0,0.7027027027027027,6.952042444121073,8,239.0,0.35350121039694893,8,239.0
380.0,13,79.0,2.0789473684210527,4.984771031519119,13,292.0,0.22069220051312838,13,292.0
385.0,14,83.0,2.1842105263157894,3.444780221365301,14,312.0,0.12857185834885873,14,312.0
390.0,11,49.0,1.225,4.590327690494137,11,267.0,0.2210147763912805,11,267.0
395.0,8,29.0,0.6744186046511628,6.294329409077672,8,167.0,0.2773387939569157,8,167.0
400.0,7,23.0,0.5897435897435898,6.833368660742574,7,129.0,0.32248054544483407,7,129.0
405.0,1,2.0,0.05555555555555555,7.0719623790955115,1,121.0,0.38387830609241513,1,121.0
410.0,6,25.0,0.7142857142857143,5.996858495861932,6,143.0,0.27490609971440433,6,143.0
415.0,13,76.0,2.1714285714285713,4.063020521354484,13,194.0,0.1677578641157599,13,194.0
420.0,15,81.0,2.3142857142857145,3.3663570894802644,15,230.0,0.1654732269156946,15,230.0
425.0,12,54.0,1.35,4.076220388196965,12,220.0,0.19642891210928498,12,220.0
430.0,9,36.0,0.8372093023255814,5.66574440285745,9,180.0,0.22568336309763687,9,180.0
435.0,7,23.0,0.575,5.627039059997618,7,214.0,0.26790464852075907,7,214.0
440.0,6,23.0,0.6571428571428571,5.341489867362765,6,240.0,0.217292638186251,6,240.0
445.0,13,77.0,2.081081081081081,3.836339674428639,13,294.0,0.21042090154711807,13,294.0
450.0,20,163.0,4.17948717948718,2.497626154538329,20,380.0,0.14934141994693548,20,380.0
455.0,26,282.0,6.714285714285714,2.07979376453277,26,499.0,0.1341414974362824,26,499.0
460.0,35,437.0,10.162790697674419,1.5692154770371292,35,654.0,0.04996948951697686,35,654.0
465.0,38,622.0,13.822222222222223,2.0142058765753528,38,841.0,0.04766662213270703,38,841.0
470.0,32,609.0,13.533333333333333,2.284554659207398,32,926.0,0.08169972895854644,32,926.0
475.0,23,448.0,10.666666666666666,3.203299452017571,23,879.0,0.11969051071812875,23,879.0
480.0,16,325.0,7.558139534883721,5.4076927834798685,16,744.0,0.17610723700316444,16,744.0
485.0,9,174.0,4.2439024390243905,7.000778897921383,9,630.0,0.30259062807743325,9,630.0
490.0,1,1.0,0.02631578947368421,7.372612850752015,1,586.0,0.4310619811321298,1,586.0
495.0,6,20.0,0.5128205128205128,7.069321516819887,6,594.0,0.38255943945713733,6,594.0
500.0,13,74.0,1.9473684210526316,5.365104643543204,13,648.0,0.24758076588893246,13,648.0
505.0,20,161.0,4.025,3.5607468504695476,20,735.0,0.11188496012321748,20,735.0
510.0,27,278.0,6.780487804878049,1.8077135885121567,27,854.0,0.04856018903742487,27,854.0
515.0,33,425.0,10.897435897435898,0.3580593673605094,33,1003.0,0.02828895531824009,33,1003.0
520.0,38,606.0,15.538461538461538,0.2959086048081499,38,1185.0,0.02352441575131949,38,1185.0
525.0,32,596.0,14.9,1.2064206440679337,32,1231.0,0.04663954204004201,32,1231.0
530.0,22,433.0,10.560975609756097,3.5803208335612626,22,1107.0,0.12992017379328405,22,1107.0
535.0,14,302.0,7.190476190476191,5.780756489415017,14,848.0,0.22109766780196216,14,848.0
540.0,5,95.0,2.5,7.067948882026796,5,673.0,0.329592735915484,5,673.0
545.0,0,0.0,0.0,7.800406489104001,0,568.0,0.4437974925400933,0,568.0
550.0,6,15.0,0.45454545454545453,6.626510599276741,6,583.0,0.33958534361362375,6,583.0
555.0,12,60.0,1.8181818181818181,4.264698378807667,12,628.0,0.1865844807360463,12,628.0
560.0,12,61.0,1.7941176470588236,2.809058124219342,12,560.0,0.12983154486001794,12,560.0
565.0,7,28.0,0.6829268292682927,5.082179342840772,7,457.0,0.2477449022268625,7,457.0
570.0,6,16.0,0.3902439024390244,6.108327214682505,6,282.0,0.2778229153370777,6,282.0
575.0,3,5.0,0.125,5.790737124700497,3,302.0,0.2507599364348566,3,302.0
580.0,9,34.0,1.0,5.140898329926844,9,336.0,0.22728683021810397,9,336.0
585.0,14,92.0,2.6285714285714286,3.4396808345414622,14,394.0,0.16772731770193816,14,394.0
590.0,21,184.0,4.717948717948718,2.312570337912962,21,486.0,0.1300252992990765,21,486.0
595.0,22,190.0,4.523809523809524,2.2957118574421544,22,500.0,0.13741899641821856,22,500.0
600.0,19,139.0,3.159090909090909,3.101078641173768,19,407.0,0.13004477697335934,19,407.0
605.0,16,112.0,2.4347826086956523,5.020468571700354,16,324.0,0.18345068590546518,16,324.0
610.0,8,61.0,1.3863636363636365,5.410805342478161,8,369.0,0.27227686912009447,8,369.0
615.0,8,31.0,0.775,6.095159049515367,8,392.0,0.27760005852997655,8,392.0
620.0,13,85.0,2.125,4.9479921370113304,13,447.0,0.20203808872279896,13,447.0
625.0,14,83.0,1.9761904761904763,3.870140028107182,14,458.0,0.17878633781671097,14,458.0
630.0,12,48.0,1.170731707317073,3.87225800083883,12,371.0,0.14161011000849888,12,371.0
635.0,12,47.0,1.119047619047619,5.487074668296255,12,305.0,0.18356687408016947,12,305.0
640.0,9,26.0,0.65,5.3489360856931585,9,339.0,0.2387439914952738,9,339.0
645.0,7,34.0,0.918918918918919,5.634555062341634,7,366.0,0.2981585597210949,7,366.0
650.0,14,90.0,2.3076923076923075,4.198694458056389,14,423.0,0.1945783792398162,14,423.0
655.0,20,172.0,4.3,2.615324974294488,20,507.0,0.13452195190902552,20,507.0
660.0,21,168.0,4.0,2.525238038229827,21,531.0,0.11358077285976972,21,531.0
665.0,17,115.0,2.6136363636363638,4.092659970298256,17,436.0,0.1472128508284373,17,436.0
670.0,15,86.0,2.0,5.250480666887231,15,345.0,0.19978789358670712,15,345.0
675.0,9,60.0,1.4634146341463414,6.682917184717311,9,286.0,0.3184481042763372,9,286.0
680.0,1,1.0,0.027777777777777776,7.391696172994561,1,264.0,0.4425722511523258,1,264.0
685.0,8,24.0,0.6666666666666666,6.2374324043886515,8,275.0,0.3012207919450629,8,275.0
690.0,12,78.0,2.108108108108108,4.447078716873136,12,331.0,0.21415260564519584,12,331.0
695.0,20,165.0,4.125,3.7176157199211914,20,418.0,0.18049934507227874,20,418.0
700.0,26,283.0,6.738095238095238,2.486965973328343,26,536.0,0.11804071602213184,26,536.0
705.0,32,433.0,10.069767441860465,1.5884467187475106,32,686.0,0.05079890799410062,32,686.0
710.0,38,616.0,14.325581395348838,1.5616118540546087,38,869.0,0.07043329942876962,38,869.0
715.0,38,806.0,19.19047619047619,1.2850858421695261,38,1059.0,0.024386681319253922,38,1059.0
720.0,32,766.0,18.682926829268293,1.2494330354615073,32,1128.0,0.028038096354691056,32,1128.0
725.0,23,553.0,13.166666666666666,3.4785098150073686,23,1049.0,0.12620258935632808,23,1049.0
730.0,14,352.0,8.380952380952381,5.517669967617762,14,895.0,0.23642781018085215,14,895.0
735.0,5,117.0,3.0789473684210527,4.978598588271234,5,888.0,0.21744907396070884,5,888.0
740.0,6,26.0,0.7222222222222222,5.2056740992656305,6,914.0,0.19716406223563876,6,914.0
745.0,13,75.0,2.142857142857143,3.2341744008339237,13,963.0,0.11477304934487935,13,963.0
750.0,20,158.0,4.514285714285714,1.564410714045368,20,1047.0,0.11450950808315057,20,1047.0
755.0,26,274.0,7.0256410256410255,1.219208816625725,26,1163.0,0.09024537292632247,26,1163.0
760.0,34,425.0,10.119047619047619,1.2367383215035128,34,1316.0,0.07080456954991918,34,1316.0
765.0,32,431.0,10.261904761904763,1.2699770891301423,32,1343.0,0.05166489040954669,32,1343.0
770.0,25,337.0,7.837209302325581,3.120682618710276,25,1207.0,0.09505372008066056,25,1207.0
775.0,17,261.0,6.214285714285714,5.231065508326241,17,956.0,0.15996678277024498,17,956.0
780.0,9,155.0,3.9743589743589745,6.591480373936116,9,748.0,0.2992738649818899,9,748.0
785.0,1,2.0,0.05263157894736842,7.5661948581211504,1,678.0,0.43562206029725997,1,678.0
790.0,8,28.0,0.7,7.363543353207589,8,688.0,0.3994221187564275,8,688.0
795.0,13,82.0,2.05,5.4136157454876725,13,742.0,0.2631530735456854,13,742.0
800.0,13,79.0,1.975,3.1437839111936956,13,682.0,0.13116728856640217,13,682.0
805.0,12,50.0,1.1363636363636365,4.286218807888735,12,431.0,0.15860339615166663,12,431.0
810.0,13,61.0,1.3863636363636365,4.988058349259585,13,313.0,0.16620853242757522,13,313.0
815.0,5,13.0,0.3023255813953488,5.413997697544068,5,336.0,0.2647391330581028,5,336.0
820.0,8,26.0,0.6842105263157895,6.055262530244483,8,344.0,0.27180651581169185,8,344.0
825.0,15,82.0,2.05,4.487412989213705,15,400.0,0.18392098750034067,15,400.0
830.0,21,174.0,4.2439024390243905,2.952001059329815,21,492.0,0.14237624409595967,21,492.0
835.0,23,189.0,4.108695652173913,3.3906972408530467,23,516.0,0.1824837184972709,23,516.0
840.0,19,141.0,3.0,4.143583588066185,19,440.0,0.18975739111282836,19,440.0
845.0,19,129.0,2.8043478260869565,4.762149768056415,19,361.0,0.1375347608226774,19,361.0
850.0,9,55.0,1.2790697674418605,4.735125740962462,9,411.0,0.19528170410386483,9,411.0
855.0,8,32.0,0.8205128205128205,5.597220101154112,8,428.0,0.2625691855709836,8,428.0
860.0,14,88.0,2.0952380952380953,4.926893298926446,14,478.0,0.20451189641915055,14,478.0
865.0,14,85.0,2.0238095238095237,3.4837054834287087,14,485.0,0.14874325803069421,14,485.0
870.0,13,53.0,1.358974358974359,3.2857571186979353,13,419.0,0.11910795714138522,13,419.0
875.0,11,42.0,1.0,5.349193558841492,11,310.0,0.16830604168347918,11,310.0
880.0,6,17.0,0.425,5.830272179301353,6,339.0,0.27253008358099357,6,339.0
885.0,8,31.0,0.8378378378378378,5.762131919757755,8,365.0,0.3030126212723856,8,365.0
890.0,16,91.0,2.3333333333333335,4.28801319995174,16,425.0,0.22352999875907512,16,425.0
895.0,20,179.0,4.365853658536586,2.854352506585859,20,515.0,0.10617411701049101,20,515.0
900.0,22,187.0,4.4523809523809526,2.133728093019339,22,537.0,0.08283476369020855,22,537.0
905.0,19,139.0,3.2325581395348837,3.5229839614108074,19,452.0,0.10474175222661021,19,452.0
910.0,17,124.0,2.9523809523809526,5.357666556223423,17,379.0,0.1751887745191048,17,379.0
915.0,9,87.0,2.289473684210526,6.874318643967625,9,297.0,0.29055321518653127,9,297.0
920.0,1,1.0,0.02857142857142857,7.258966979859881,1,285.0,0.4010527436645339,1,285.0
925.0,7,23.0,0.6764705882352942,6.277723183028936,7,298.0,0.3335787619078445,7,298.0
930.0,12,72.0,2.0,4.333897454359914,12,347.0,0.2138119201475622,12,347.0
935.0,14,73.0,1.8717948717948718,3.0468742718893678,14,358.0,0.19196244636744775,14,358.0
940.0,11,47.0,1.119047619047619,3.781226609033563,11,279.0,0.18437009519958528,11,279.0
945.0,12,49.0,1.0888888888888888,5.099102172413339,12,229.0,0.20430974127387022,12,229.0
950.0,8,25.0,0.5434782608695652,5.679861784750008,8,257.0,0.3016421846755436,8,257.0
955.0,8,32.0,0.8,6.270655857862091,8,286.0,0.3078549339517517,8,286.0
960.0,14,91.0,2.275,4.410450838235081,14,345.0,0.12262063015007613,14,345.0
965.0,14,89.0,2.282051282051282,3.2390004404675588,14,353.0,0.09233363562151684,14,353.0
970.0,12,50.0,1.2195121951219512,4.555516376191698,12,292.0,0.1716784844871028,12,292.0
975.0,9,39.0,0.9512195121951219,5.917812768524024,9,212.0,0.22774405897627525,9,212.0
980.0,8,28.0,0.7567567567567568,5.350167207049414,8,253.0,0.2501633783371503,8,253.0
985.0,8,26.0,0.7878787878787878,4.764267058596328,8,284.0,0.2035368721984664,8,284.0
990.0,14,81.0,2.4545454545454546,2.941082921192355,14,340.0,0.146670453645611,14,340.0
995.0,15,87.0,2.230769230769231,2.9812926382250677,15,359.0,0.1878862503324102,15,359.0
1000.0,13,54.0,1.35,3.850496542118394,13,322.0,0.18094262612522577,13,322.0
1005.0,10,47.0,1.0930232558139534,5.520771848504316,10,243.0,0.2019623202404342,10,243.0
1010.0,9,45.0,1.0714285714285714,7.066814685246405,9,194.0,0.3493365066655893,9,194.0
1015.0,1,2.0,0.05128205128205128,6.982483934439126,1,192.0,0.409710901069867,1,192.0
1020.0,8,26.0,0.6666666666666666,6.964967382879326,8,205.0,0.36559620568555384,8,205.0
1025.0,13,81.0,2.076923076923077,5.164202174566629,13,260.0,0.1915245659815329,13,260.0
1030.0,14,82.0,2.1578947368421053,3.1929179536484975,14,280.0,0.13586543399730927,14,280.0
1035.0,10,42.0,1.05,4.00904343159665,10,234.0,0.1386441758811664,10,234.0
1040.0,11,39.0,0.9512195121951219,5.636000717696118,11,172.0,0.1984964613363659,11,172.0
1045.0,6,29.0,0.7435897435897436,7.525335811039124,6,128.0,0.3304559359046246,6,128.0
1050.0,0,0.0,0.0,7.4429058400357135,0,120.0,0.3747869972672351,0,120.0
1055.0,7,22.0,0.6666666666666666,5.870830394772721,7,142.0,0.27011838203161576,7,142.0
1060.0,13,72.0,2.1176470588235294,4.194940577354703,13,192.0,0.22976183722067767,13,192.0
1065.0,18,152.0,4.3428571428571425,2.348353190620237,18,272.0,0.15161772035873308,18,272.0
1070.0,25,266.0,6.487804878048781,2.250574642719996,25,387.0,0.15389191753968906,25,387.0
1075.0,32,410.0,9.534883720930232,1.7368942703954653,32,533.0,0.07637248619133234,32,533.0
1080.0,37,587.0,13.340909090909092,1.6094219344627119,37,710.0,0.06859789505692872,37,710.0
1085.0,33,577.0,12.822222222222223,2.001893623637336,33,801.0,0.08488598347277868,33,801.0
1090.0,24,453.0,10.295454545454545,3.6520140257820075,24,787.0,0.1581022771522251,24,787.0
1095.0,15,280.0,5.957446808510638,5.523609553028226,15,704.0,0.24731616121821393,15,704.0
1100.0,7,115.0,2.5555555555555554,5.873311639195725,7,708.0,0.32024543037246694,7,708.0
1105.0,7,27.0,0.6585365853658537,5.939120259652947,7,730.0,0.32639454551184766,7,730.0
1110.0,14,81.0,1.8837209302325582,4.834511536210877,14,784.0,0.2002942607527104,14,784.0
1115.0,14,82.0,1.8636363636363635,3.143637384641252,14,765.0,0.11229421646056853,14,765.0
1120.0,14,68.0,1.5454545454545454,3.9685657565025525,14,663.0,0.17273847144494872,14,663.0
1125.0,12,61.0,1.2708333333333333,5.477562528219896,12,496.0,0.2402140545422004,12,496.0
1130.0,7,19.0,0.40425531914893614,5.350004548702861,7,516.0,0.2911564065607128,7,516.0
1135.0,6,23.0,0.5227272727272727,5.762641118940445,6,526.0,0.27301452606984783,6,526.0
1140.0,13,78.0,1.8571428571428572,4.938631533192124,13,581.0,0.14280148423588226,13,581.0
1145.0,14,81.0,1.8409090909090908,3.70819957184885,14,562.0,0.11566433406155313,14,562.0
1150.0,12,58.0,1.380952380952381,4.063943784730457,12,442.0,0.14364513058999653,12,442.0
1155.0,9,35.0,0.8536585365853658,5.025978866289162,9,245.0,0.15858908858699117,9,245.0
1160.0,7,21.0,0.525,5.517199275006616,7,275.0,0.23661562520060217,7,275.0
1165.0,7,25.0,0.6944444444444444,5.397214198166884,7,302.0,0.26414269514219985,7,302.0
1170.0,14,83.0,2.3055555555555554,3.6825751290036846,14,360.0,0.17983823140154598,14,360.0
1175.0,14,83.0,2.1842105263157894,2.385187714879212,14,331.0,0.14224406198119713,14,331.0
1180.0,12,45.0,1.125,3.437988530866117,12,293.0,0.11806154837115504,12,293.0
1185.0,13,50.0,1.2195121951219512,4.846055808502325,13,221.0,0.12099650002703319,13,221.0
1190.0,7,22.0,0.55,5.437978011462937,7,246.0,0.22565833462362675,7,246.0
1195.0,6,24.0,0.6666666666666666,5.550314647023029,6,270.0,0.29753389841723993,6,270.0
1200.0,12,70.0,1.8421052631578947,4.7033096266887195,12,316.0,0.2693781820625767,12,316.0
1205.0,14,68.0,1.7435897435897436,3.1350629804098986,14,322.0,0.16858217313397558,14,322.0
1210.0,12,49.0,1.1395348837209303,3.7621881691008454,12,286.0,0.1573882321769832,12,286.0
1215.0,10,47.0,1.0681818181818181,5.521853124049345,10,219.0,0.21234296069138114,10,219.0
1220.0,4,8.0,0.2,5.334428263742846,4,213.0,0.2152531782411874,4,213.0
1225.0,8,28.0,0.8235294117647058,5.520652362385277,8,226.0,0.2152634929379729,8,226.0
1230.0,13,84.0,2.3333333333333335,3.89882335608343,13,282.0,0.14886903876731075,13,282.0
1235.0,14,86.0,2.324324324324324,2.762857713304543,14,300.0,0.13726351966784517,14,300.0
1240.0,11,56.0,1.4736842105263157,3.573631983985753,11,239.0,0.1333129332305631,11,239.0
1245.0,10,42.0,1.05,5.371059018079685,10,188.0,0.17637231652465157,10,188.0
1250.0,9,29.0,0.7837837837837838,5.095967737986814,9,221.0,0.1901631727898065,9,221.0
1255.0,8,32.0,1.032258064516129,4.38690615414939,8,255.0,0.1922605108594427,8,255.0
1260.0,13,87.0,2.5588235294117645,3.1638597556637036,13,310.0,0.17394458153739467,13,310.0
1265.0,15,89.0,2.4722222222222223,2.7739015425494022,15,329.0,0.18708691235574418,15,329.0
1270.0,10,52.0,1.2093023255813953,4.5093573579893365,10,288.0,0.24265686890661772,10,288.0
1275.0,11,44.0,0.9565217391304348,5.629210305450092,11,222.0,0.2360869730741476,11,222.0
1280.0,8,25.0,0.5555555555555556,5.48126174652829,8,257.0,0.25992930293860045,8,257.0
1285.0,8,29.0,0.725,6.051537255400037,8,284.0,0.28781243091315023,8,284.0
1290.0,13,85.0,1.9767441860465116,5.096987656282906,13,340.0,0.19509590627788967,13,340.0
1295.0,15,87.0,2.0714285714285716,3.4725212438151267,15,357.0,0.14996106936943115,15,357.0
1300.0,10,51.0,1.3076923076923077,3.094181404487936,10,315.0,0.12059937067412983,10,315.0
1305.0,11,38.0,0.9047619047619048,5.011190149412796,11,248.0,0.17004703666124324,11,248.0
1310.0,6,14.0,0.35,5.5525024251947475,6,258.0,0.28415700833074997,6,258.0
1315.0,7,25.0,0.6756756756756757,5.465936276220359,7,281.0,0.2882734440766057,7,281.0
1320.0,13,79.0,2.1944444444444446,3.6277065358112637,13,335.0,0.1614432788641772,13,335.0
1325.0,14,79.0,2.0256410256410255,2.7690248729256712,14,342.0,0.1081521135150503,14,342.0
1330.0,12,54.0,1.3846153846153846,3.6966458975269494,12,296.0,0.1524659906915802,12,296.0
1335.0,11,35.0,0.8536585365853658,5.660423244571902,11,204.0,0.22987492127823078,11,204.0
1340.0,6,18.0,0.45,5.936343566868177,6,239.0,0.28666236680027135,6,239.0
1345.0,7,31.0,0.8157894736842105,5.701779759865891,7,270.0,0.29685867014161027,7,270.0
1350.0,14,85.0,2.4285714285714284,3.79061144183615,14,324.0,0.19067408986055578,14,324.0
1355.0,15,82.0,2.05,2.6791567202706963,15,332.0,0.12344617423384646,15,332.0
1360.0,13,53.0,1.325,3.157148589923243,13,297.0,0.11920134553060967,13,297.0
1365.0,12,57.0,1.3255813953488371,5.109609486141353,12,231.0,0.21537768286477516,12,231.0
1370.0,8,47.0,1.146341463414634,6.4726663565115965,8,205.0,0.34638616535852795,8,205.0
1375.0,1,1.0,0.02631578947368421,6.781854231357486,1,174.0,0.3927922587881677,1,174.0
1380.0,7,25.0,0.6410256410256411,6.4923098656550176,7,194.0,0.29409486350945374,7,194.0
1385.0,13,79.0,2.135135135135135,4.735850761979701,13,248.0,0.20373715103206208,13,248.0
1390.0,20,164.0,4.315789473684211,2.8717642617054953,20,333.0,0.14601880604671455,20,333.0
1395.0,20,165.0,4.230769230769231,1.713044651750431,20,378.0,0.06131991061983277,20,378.0
1400.0,17,116.0,2.8292682926829267,3.2931935713880627,17,359.0,0.12940179079244984,17,359.0
1405.0,15,101.0,2.525,4.811383616513469,15,329.0,0.17585430888899414,15,329.0
1410.0,6,56.0,1.4,5.397346192538516,6,351.0,0.25371900549028525,6,351.0
1415.0,7,23.0,0.6764705882352942,4.562297747855334,7,383.0,0.20630589000144256,7,383.0
1420.0,15,78.0,2.4375,2.804539764840422,15,438.0,0.12743995626551596,15,438.0
1425.0,14,81.0,2.3823529411764706,2.5176992457532275,14,449.0,0.13734147357966542,14,449.0
1430.0,11,50.0,1.2820512820512822,4.034344778501209,11,366.0,0.14977987819418576,11,366.0
1435.0,9,34.0,0.85,5.652854695994243,9,290.0,0.203587314322016,9,290.0
1440.0,6,23.0,0.6216216216216216,6.969812493429526,6,230.0,0.3193668445152673,6,230.0
1445.0,2,2.0,0.058823529411764705,7.574211234997398,2,218.0,0.4047346236609261,2,218.0
1450.0,7,26.0,0.7647058823529411,6.2025623737068445,7,242.0,0.2999016894344808,7,242.0
1455.0,14,82.0,2.484848484848485,3.6011802728187896,14,298.0,0.1687726076243925,14,298.0
1460.0,13,82.0,2.484848484848485,2.3016182320652523,13,308.0,0.11037799796792296,13,308.0
1465.0,11,49.0,1.3243243243243243,3.3173626228087376,11,251.0,0.12180121371561164,11,251.0
1470.0,11,39.0,0.9512195121951219,5.700052646179404,11,175.0,0.19601023219637181,11,175.0
1475.0,6,33.0,0.8918918918918919,7.553336380792476,6,141.0,0.34951407484338204,6,141.0
1480.0,0,0.0,0.0,7.790080487297648,0,119.0,0.4170426708661272,0,119.0
1485.0,6,19.0,0.6129032258064516,5.545948028782235,6,138.0,0.2885451877854897,6,138.0
1490.0,11,62.0,2.066666666666667,3.178616756561337,11,181.0,0.1875377087713017,11,181.0
1495.0,17,137.0,4.151515151515151,1.8300455273873384,17,256.0,0.1097662818796687,17,256.0
1500.0,26,249.0,6.72972972972973,1.2238791922703074,26,368.0,0.06878317671087501,26,368.0
1505.0,31,391.0,9.775,1.0479421975725627,31,510.0,0.03131032353499394,31,510.0
1510.0,38,564.0,13.428571428571429,1.2960514159858052,38,685.0,0.06992742297121575,38,685.0
1515.0,33,556.0,13.238095238095237,1.489694219254837,33,776.0,0.08819659774093183,33,776.0
1520.0,23,414.0,9.409090909090908,3.8525273471992296,23,760.0,0.18319922218465592,23,760.0
1525.0,17,303.0,6.886363636363637,5.446844081054888,17,658.0,0.22456008582546721,17,658.0
1530.0,7,113.0,2.6904761904761907,4.990885274906025,7,696.0,0.22684905715003423,7,696.0
1535.0,8,29.0,0.7837837837837838,5.321574322479165,8,719.0,0.20937659258688937,8,719.0
1540.0,14,88.0,2.2564102564102564,4.175500860334508,14,778.0,0.1741044795212282,14,778.0
1545.0,15,93.0,2.4473684210526314,2.4873149803627035,15,767.0,0.13172356766419643,15,767.0
1550.0,10,51.0,1.275,3.847864704592356,10,657.0,0.18076746620941564,10,657.0
1555.0,8,31.0,0.7380952380952381,5.43833377953314,8,476.0,0.19097089403678538,8,476.0
1560.0,7,30.0,0.7692307692307693,6.623038189962912,7,348.0,0.30192820415741417,7,348.0
1565.0,2,3.0,0.08333333333333333,7.109396138348127,2,315.0,0.4292994244288644,2,315.0
1570.0,6,25.0,0.6756756756756757,6.8065849932816755,6,332.0,0.3392246178871466,6,332.0
1575.0,12,70.0,1.9444444444444444,4.570891281002103,12,377.0,0.21823704411418943,12,377.0
1580.0,12,66.0,1.6923076923076923,3.307527517954651,12,358.0,0.1336851492337155,12,358.0
1585.0,11,51.0,1.275,3.832279987487527,11,212.0,0.13917652558808374,11,212.0
1590.0,10,41.0,0.9761904761904762,5.218088363295158,10,172.0,0.1877507663573867,10,172.0
1595.0,8,42.0,1.0,7.2733218333515515,8,152.0,0.3454237659729041,8,152.0
1600.0,1,1.0,0.02564102564102564,7.810480586910107,1,128.0,0.4445282793367196,1,128.0
1605.0,5,15.0,0.39473684210526316,7.239807877998454,5,139.0,0.35454409811803383,5,139.0
1610.0,12,58.0,1.5263157894736843,5.518247905973997,12,182.0,0.2473462098900445,12,182.0
1615.0,18,134.0,3.4358974358974357,3.7295493139789824,18,259.0,0.1642287253790901,18,259.0
1620.0,18,141.0,3.357142857142857,2.5242256706327404,18,300.0,0.10065865467387436,18,300.0
1625.0,17,97.0,2.3658536585365852,3.0947665307778394,17,281.0,0.1004389547785688,17,281.0
1630.0,15,88.0,2.046511627906977,5.164921486753264,15,265.0,0.18215130268280624,15,265.0
1635.0,7,54.0,1.35,7.1903343078156805,7,235.0,0.3397679578204405,7,235.0
1640.0,2,3.0,0.08571428571428572,7.100243306204779,2,205.0,0.3866083371115483,2,205.0
1645.0,7,26.0,0.7647058823529411,6.3498478777402365,7,220.0,0.27946803553667543,7,220.0
1650.0,12,75.0,2.142857142857143,4.40736639469551,12,269.0,0.18187196215080262,12,269.0
1655.0,12,68.0,1.7894736842105263,3.2388503315300547,12,277.0,0.18849704711737322,12,277.0
1660.0,10,37.0,0.925,4.117999338810648,10,242.0,0.19413327130150634,10,242.0
1665.0,11,36.0,0.8571428571428571,5.334044847765047,11,182.0,0.1749033591495199,11,182.0
1670.0,10,41.0,1.0789473684210527,6.343586394753785,10,168.0,0.2813753731154746,10,168.0
1675.0,2,2.0,0.05714285714285714,7.155418418132109,2,143.0,0.39552426020369535,2,143.0
1680.0,6,21.0,0.5833333333333334,6.665839552804993,6,152.0,0.3546238505208732,6,152.0
1685.0,13,71.0,1.9722222222222223,4.328292938159815,13,202.0,0.24566180780337551,13,202.0
1690.0,13,73.0,1.972972972972973,2.662850313118417,13,219.0,0.15683353734822028,13,219.0
1695.0,12,44.0,1.0731707317073171,3.9609056324351166,12,210.0,0.17186498852728047,12,210.0
1700.0,12,53.0,1.2325581395348837,5.364641658481458,12,180.0,0.22476705580462367,12,180.0
1705.0,10,57.0,1.3571428571428572,6.431473281664247,10,179.0,0.2992327158764817,10,179.0
1710.0,2,2.0,0.05405405405405406,6.874023518644341,2,145.0,0.3854154607508882,2,145.0
1715.0,6,23.0,0.6216216216216216,6.354132791098003,6,142.0,0.34300281686363987,6,142.0
1720.0,12,74.0,2.0555555555555554,4.965366017185414,12,193.0,0.17739075875013943,12,193.0
1725.0,20,158.0,4.388888888888889,3.329353562290607,20,277.0,0.15180980131219596,20,277.0
1730.0,25,270.0,6.923076923076923,1.5176153960152048,25,390.0,0.08440648148310438,25,390.0
1735.0,25,267.0,6.357142857142857,1.613913973116808,25,448.0,0.079685515823528,25,448.0
1740.0,22,198.0,4.714285714285714,3.239052181482496,22,461.0,0.13291456032156845,22,461.0
1745.0,16,159.0,3.7857142857142856,5.269509827192777,16,400.0,0.16963219220603454,16,400.0
1750.0,8,74.0,1.9473684210526316,6.349499207743066,8,363.0,0.26711908315938077,8,363.0
1755.0,0,0.0,0.0,7.368858881020128,0,308.0,0.424575937227987,0,308.0
1760.0,6,17.0,0.5,6.183736019610715,6,314.0,0.3099466462138596,6,314.0
1765.0,11,61.0,1.6944444444444444,4.467357979806625,11,358.0,0.2032465155403198,11,358.0
1770.0,20,141.0,3.810810810810811,2.8027291060944166,20,438.0,0.15630399875318157,20,438.0
1775.0,24,255.0,6.071428571428571,2.5599926520399547,24,553.0,0.12584780100567824,24,553.0
1780.0,32,396.0,9.0,1.8174779269099013,32,695.0,0.0727986019569814,32,695.0
1785.0,38,572.0,13.0,1.7630953214565195,38,872.0,0.06911418913473846,38,872.0
1790.0,32,565.0,13.452380952380953,1.2940059346518842,32,945.0,0.054851998208165824,32,945.0
1795.0,25,425.0,9.883720930232558,2.9246711215726195,25,855.0,0.10249303806344627,25,855.0
1800.0,16,287.0,6.239130434782608,5.498146442389129,16,780.0,0.24880787451998065,16,780.0
1805.0,5,90.0,2.0,5.7047121672147,5,765.0,0.3102468574966391,5,765.0
1810.0,7,28.0,0.6666666666666666,5.802864633434286,7,787.0,0.30848612872678977,7,787.0
1815.0,13,82.0,1.8636363636363635,5.368706692617049,13,841.0,0.22586704776865316,13,841.0
1820.0,14,83.0,1.8863636363636365,4.213790982841825,14,809.0,0.1937122916941962,14,809.0
1825.0,12,56.0,1.302325581395349,4.14673586476297,12,660.0,0.17024589714017072,12,660.0
1830.0,13,54.0,1.255813953488372,4.741761113461763,13,475.0,0.12151082728409499,13,475.0
1835.0,11,67.0,1.6341463414634145,6.745162732005383,11,406.0,0.3111289596524885,11,406.0
1840.0,0,0.0,0.0,7.300708537023145,0,334.0,0.4122340935990248,0,334.0
1845.0,6,15.0,0.39473684210526316,7.19364978674963,6,320.0,0.3902162891413558,6,320.0
1850.0,13,64.0,1.6842105263157894,5.504530923536461,13,369.0,0.24357949791737182,13,369.0
1855.0,18,143.0,3.763157894736842,3.3245224460121263,18,448.0,0.14990897747002602,18,448.0
1860.0,26,256.0,6.2439024390243905,1.9351722550948383,26,561.0,0.07521097573928387,26,561.0
1865.0,30,399.0,9.279069767441861,1.8699330465395305,30,704.0,0.05276821832104954,30,704.0
1870.0,38,572.0,13.30232558139535,1.491545084198856,38,877.0,0.06926412310586694,38,877.0
1875.0,32,567.0,13.186046511627907,1.6141638369240252,32,930.0,0.0646414524205443,32,930.0
1880.0,23,416.0,10.146341463414634,2.5312933404028692,23,821.0,0.07695992547713265,23,821.0
1885.0,17,306.0,7.463414634146342,4.6544484511694835,17,667.0,0.14043404378849833,17,667.0
1890.0,8,136.0,3.317073170731707,5.539737494876439,8,701.0,0.26020881740339885,8,701.0
1895.0,8,27.0,0.7714285714285715,5.273301206354461,8,725.0,0.24926189426377784,8,725.0
1900.0,14,84.0,2.4705882352941178,3.5931465670451557,14,784.0,0.13180498626572315,14,784.0
1905.0,21,178.0,4.944444444444445,1.9370926662204841,21,878.0,0.09130898499224695,21,878.0
1910.0,22,189.0,4.846153846153846,1.751190204631866,22,891.0,0.08874959266247101,22,891.0
1915.0,19,140.0,3.4146341463414633,3.2305632052932785,19,748.0,0.1282967973919511,19,748.0
1920.0,15,118.0,2.8095238095238093,5.285351715156881,15,623.0,0.23052453790205504,15,623.0
1925.0,7,61.0,1.4186046511627908,7.152956169265964,7,472.0,0.36486003442561216,7,472.0
1930.0,0,0.0,0.0,7.106861125174196,0,428.0,0.4037286874198153,0,428.0
1935.0,7,22.0,0.6111111111111112,6.388412379235628,7,449.0,0.318761007981755,7,449.0
1940.0,13,74.0,2.0555555555555554,4.497809323517534,13,502.0,0.19991882128611488,13,502.0
1945.0,14,78.0,2.108108108108108,3.2054884084845665,14,479.0,0.18370184859975472,14,479.0
1950.0,9,43.0,1.075,3.851493986795429,9,298.0,0.17007771590837278,9,298.0
1955.0,10,32.0,0.7619047619047619,5.210406251246842,10,215.0,0.17682600192382136,10,215.0
1960.0,8,40.0,0.975609756097561,7.164371591645356,8,150.0,0.3300426611762604,8,150.0
1965.0,4,39.0,1.1142857142857143,8.925037900529938,4,122.0,0.5021047521003335,4,122.0
1970.0,2,2.0,0.05714285714285714,7.991666710220439,2,90.0,0.4695817458519386,2,90.0
1975.0,7,26.0,0.7428571428571429,7.043339507309991,7,96.0,0.3587792253041413,7,96.0
1980.0,14,80.0,2.1621621621621623,5.667437731466628,14,150.0,0.2921130704896433,14,150.0
1985.0,18,163.0,4.17948717948718,4.132465852425198,18,233.0,0.2203452369833755,18,233.0
1990.0,26,278.0,6.465116279069767,2.611599460509209,26,348.0,0.12227661169358357,26,348.0
1995.0,26,281.0,6.2444444444444445,2.0981330565270175,26,428.0,0.11232265265220669,26,428.0
2000.0,25,218.0,4.844444444444444,3.386032227678771,25,449.0,0.1451062330468906,25,449.0
2005.0,18,189.0,4.2,4.813287026337822,18,407.0,0.13767253451793324,18,407.0
2010.0,7,70.0,1.6666666666666667,4.835869725462061,7,448.0,0.20505594850703765,7,448.0
2015.0,8,25.0,0.6097560975609756,5.747984278671589,8,451.0,0.26795054890294806,8,451.0
2020.0,13,82.0,1.9523809523809523,5.2239191877833715,13,505.0,0.24654921741551117,13,505.0
2025.0,14,87.0,2.0714285714285716,3.1594188215864434,14,509.0,0.16737047950781342,14,509.0
2030.0,13,59.0,1.4047619047619047,3.478538388336406,13,462.0,0.13525532402948598,13,462.0
2035.0,15,68.0,1.511111111111111,5.028480123972439,15,372.0,0.18748533040219875,15,372.0
2040.0,6,22.0,0.5,5.343787221087601,6,400.0,0.25588618733933616,6,400.0
2045.0,7,25.0,0.6578947368421053,5.699588806692124,7,416.0,0.27646965121882916,7,416.0
2050.0,15,82.0,2.1578947368421053,4.420550938964854,15,473.0,0.15860221099671357,15,473.0
2055.0,14,86.0,2.097560975609756,3.321662965251899,14,472.0,0.13042334678422807,14,472.0
2060.0,14,53.0,1.2926829268292683,4.370096368528564,14,362.0,0.17085470097153618,14,362.0
2065.0,11,55.0,1.2790697674418605,5.8947123717762056,11,266.0,0.2305964563846049,11,266.0
2070.0,8,33.0,0.7857142857142857,5.631692397425093,8,306.0,0.2939985345862552,8,306.0
2075.0,7,30.0,0.8108108108108109,5.75983484970487,7,338.0,0.26713073092308487,7,338.0
2080.0,15,87.0,2.3513513513513513,3.992591203943171,15,395.0,0.1598980633491538,15,395.0
2085.0,15,88.0,2.3157894736842106,2.854991659636221,15,384.0,0.12872528685868448,15,384.0
2090.0,14,77.0,1.925,3.8238504773012396,14,347.0,0.15387634341939083,14,347.0
2095.0,12,51.0,1.2142857142857142,5.254452983775464,12,268.0,0.17524112104715087,12,268.0
2100.0,8,30.0,0.75,5.6053842811984325,8,299.0,0.26149005222628496,8,299.0
2105.0,7,27.0,0.7105263157894737,5.582932258426096,7,328.0,0.2783020729996865,7,328.0
2110.0,13,81.0,2.189189189189189,3.913563194755243,13,383.0,0.18494131088579155,13,383.0
2115.0,21,172.0,4.410256410256411,2.26767313162057,21,476.0,0.1277851584215967,21,476.0
2120.0,22,181.0,4.641025641025641,1.4061548778726949,22,502.0,0.06260247173289364,22,502.0
2125.0,19,136.0,3.238095238095238,3.1724693340676167,19,464.0,0.10729628495037168,19,464.0
2130.0,15,109.0,2.477272727272727,5.877544416458599,15,379.0,0.24677254808159943,15,379.0
2135.0,6,63.0,1.5,7.268611022402274,6,314.0,0.3804785326452958,6,314.0
2140.0,0,0.0,0.0,7.101458391782901,0,274.0,0.4013035932276447,0,274.0
2145.0,6,19.0,0.5,6.460519817824319,6,291.0,0.3213395471873653,6,291.0
2150.0,12,68.0,1.837837837837838,4.937579187430501,12,340.0,0.1798091654148793,12,340.0
2155.0,12,68.0,1.7435897435897436,4.204806554939026,12,343.0,0.20568930131760058,12,343.0
2160.0,9,34.0,0.8292682926829268,4.384827566592204,9,280.0,0.20214422538626686,9,280.0
2165.0,9,21.0,0.4883720930232558,5.604916891615306,9,182.0,0.2074265100847834,9,182.0
2170.0,8,25.0,0.625,6.818571193536765,8,135.0,0.310201988233811,8,135.0
2175.0,2,4.0,0.1111111111111111,6.515105983756506,2,142.0,0.357371177239076,2,142.0
2180.0,8,29.0,0.8055555555555556,5.7391662359608056,8,157.0,0.2708107821804138,8,157.0
2185.0,14,86.0,2.324324324324324,4.046882457309285,14,214.0,0.1512515812504559,14,214.0
2190.0,16,93.0,2.4473684210526314,2.7218084120567214,16,236.0,0.14557906354156297,16,236.0
2195.0,12,64.0,1.6,3.882425981879563,12,225.0,0.1765748478284084,12,225.0
2200.0,13,54.0,1.255813953488372,5.566510982162827,13,192.0,0.21474706580541073,13,192.0
2205.0,7,39.0,0.975,6.888766418929623,7,175.0,0.3074803620564968,7,175.0
2210.0,4,41.0,1.1388888888888888,8.700493990975488,4,138.0,0.46949356221802974,4,138.0
2215.0,0,0.0,0.0,8.380888182122371,0,96.0,0.4756007572568483,0,96.0
2220.0,5,16.0,0.48484848484848486,6.867589360389408,5,97.0,0.3085946456513484,5,97.0
2225.0,10,60.0,1.7142857142857142,5.220273732445682,10,141.0,0.252166797666395,10,141.0
2230.0,16,131.0,3.5405405405405403,3.8358443655159777,16,212.0,0.20069898485128115,16,212.0
2235.0,16,125.0,3.4722222222222223,2.430108500756143,16,253.0,0.1576664382742002,16,253.0
2240.0,16,84.0,2.1,2.986052572901482,16,231.0,0.0746947501527622,16,231.0
2245.0,15,91.0,2.1666666666666665,5.221517057450386,15,226.0,0.15738390036432506,15,226.0
2250.0,8,33.0,0.868421052631579,4.745824092731531,8,259.0,0.1874337355090374,8,259.0
2255.0,8,37.0,1.0277777777777777,5.6075087759028115,8,279.0,0.2808315446627501,8,279.0
2260.0,15,98.0,2.5789473684210527,4.0822790146352315,15,340.0,0.21019618598639842,15,340.0
2265.0,21,190.0,5.0,2.4941388293031914,21,432.0,0.15789638580069595,21,432.0
2270.0,28,315.0,7.325581395348837,2.3752444727767164,28,557.0,0.11619727420154162,28,557.0
2275.0,32,466.0,9.914893617021276,2.5116110357772805,32,709.0,0.11269790224440497,32,709.0
2280.0,38,648.0,14.08695652173913,2.243137028964522,38,891.0,0.08895422582035731,38,891.0
2285.0,38,838.0,18.622222222222224,2.0178955371000864,38,1081.0,0.046931256906550575,38,1081.0
2290.0,32,785.0,17.84090909090909,1.99932356174855,32,1148.0,0.04323645224363935,32,1148.0
2295.0,23,565.0,13.452380952380953,3.2361202585344064,23,1040.0,0.09334925500607616,23,1040.0
2300.0,16,396.0,9.658536585365853,5.199118306731629,16,913.0,0.16245622009039876,16,913.0
2305.0,7,174.0,4.702702702702703,4.842316798850315,7,942.0,0.20013607157625699,7,942.0
2310.0,6,25.0,0.7575757575757576,4.886118770071139,6,973.0,0.20122419703062733,6,973.0
2315.0,13,76.0,2.375,2.7262210496558232,13,1025.0,0.11914374967594012,13,1025.0
2320.0,15,77.0,2.2,1.8634034196992932,15,985.0,0.12552525069022147,15,985.0
2325.0,10,50.0,1.3157894736842106,3.6626576204355046,10,830.0,0.1532281665566067,10,830.0
2330.0,8,35.0,0.875,5.696573210346383,8,578.0,0.19013684428008698,8,578.0
2335.0,7,21.0,0.5675675675675675,7.136823883119161,7,437.0,0.3283688057927926,7,437.0
2340.0,1,1.0,0.03225806451612903,7.446822039997822,1,366.0,0.422480543270202,1,366.0
2345.0,7,20.0,0.625,6.62139070527788,7,386.0,0.35342839452445696,7,386.0
2350.0,13,69.0,2.0294117647058822,4.40753374106441,13,435.0,0.2531834241488252,13,435.0
2355.0,13,72.0,2.0,2.102635619758623,13,405.0,0.13944005263808412,13,405.0
2360.0,12,45.0,1.0714285714285714,3.4336299289079593,12,269.0,0.16444466576986744,12,269.0
2365.0,13,53.0,1.2325581395348837,5.1351662946213725,13,191.0,0.22216552803621142,13,191.0
2370.0,8,22.0,0.5,5.241131073132394,8,202.0,0.24985555310175267,8,202.0
2375.0,7,26.0,0.6666666666666666,5.8771611884699615,7,221.0,0.2582412852148776,7,221.0
2380.0,13,77.0,2.026315789473684,4.301071112994593,13,272.0,0.16035188947318738,13,272.0
2385.0,14,77.0,1.9743589743589745,3.0716528508095573,14,289.0,0.10970348086832857,14,289.0
2390.0,9,44.0,1.1891891891891893,3.795769914570807,9,253.0,0.17203009039037245,9,253.0
2395.0,12,51.0,1.2142857142857142,5.939571495703985,12,203.0,0.25221817047612766,12,203.0
2400.0,6,21.0,0.5121951219512195,6.309150083486383,6,244.0,0.33354017153063176,6,244.0
2405.0,8,25.0,0.6756756756756757,5.683535147237356,8,274.0,0.2772496595728601,8,274.0
2410.0,15,81.0,2.076923076923077,4.001321841275813,15,330.0,0.18593120116707051,15,330.0
2415.0,20,167.0,3.9761904761904763,3.166410841350455,20,417.0,0.14992057863897576,20,417.0
2420.0,27,290.0,6.904761904761905,1.9105626049168176,27,540.0,0.08881500544750102,27,540.0
2425.0,35,445.0,9.88888888888889,1.9735706891394034,35,697.0,0.07365643878109598,35,697.0
2430.0,38,629.0,13.977777777777778,2.039799616242498,38,882.0,0.08985688157636182,38,882.0
2435.0,32,616.0,13.688888888888888,2.1375651453129816,32,965.0,0.10237542805654286,32,965.0
2440.0,25,458.0,10.409090909090908,2.799098541820732,25,924.0,0.11097901970196129,25,924.0
2445.0,18,343.0,7.795454545454546,4.694745766301191,18,772.0,0.14335638995821598,18,772.0
2450.0,8,126.0,3.073170731707317,5.027197436329625,8,814.0,0.21946044652141322,8,814.0
2455.0,7,31.0,0.8378378378378378,5.551527635665586,7,825.0,0.22251536313662895,7,825.0
2460.0,13,83.0,2.1842105263157894,4.194757273361545,13,878.0,0.17964662111688293,13,878.0
2465.0,14,82.0,2.1578947368421053,3.0471699768925866,14,848.0,0.14412868175701873,14,848.0
2470.0,12,60.0,1.5,3.8099685091234647,12,721.0,0.15482058934287923,12,721.0
2475.0,10,40.0,0.9090909090909091,5.926869022146377,10,521.0,0.24257327906492834,10,521.0
2480.0,8,42.0,1.0,7.507445318416638,8,386.0,0.3918134826705588,8,386.0
2485.0,0,0.0,0.0,7.814571474711895,0,342.0,0.47396331765781147,0,342.0
2490.0,6,18.0,0.5,6.893257800392022,6,359.0,0.3504048234050151,6,359.0
2495.0,13,66.0,1.736842105263158,4.920008552030365,13,407.0,0.1682703696232869,13,407.0
2500.0,12,66.0,1.736842105263158,3.0194808869931475,12,383.0,0.12396399624767172,12,383.0
2505.0,9,34.0,0.918918918918919,3.672809223782545,9,212.0,0.1544291398554929,9,212.0
2510.0,6,18.0,0.45,5.483382646270494,6,151.0,0.2099351796998361,6,151.0
2515.0,6,14.0,0.3684210526315789,5.493512227159934,6,180.0,0.24759619724393547,6,180.0
2520.0,7,28.0,0.7777777777777778,5.359427986960485,7,211.0,0.2920807048376766,7,211.0
2525.0,14,85.0,2.236842105263158,4.469816401531761,14,268.0,0.2556707337444908,14,268.0
2530.0,14,86.0,2.15,3.025015747832117,14,290.0,0.1880358784452122,14,290.0
2535.0,12,46.0,1.069767441860465,3.4518778851636873,12,227.0,0.12272632791045748,12,227.0
2540.0,15,62.0,1.3777777777777778,4.98804251551158,15,215.0,0.17991334375437165,15,215.0
2545.0,8,31.0,0.7045454545454546,5.393840955956898,8,252.0,0.26593647256285274,8,252.0
2550.0,9,32.0,0.8421052631578947,5.7233035964267245,9,264.0,0.28376268589266607,9,264.0
2555.0,15,94.0,2.35,4.721660953985955,15,326.0,0.16892734621265437,15,326.0
2560.0,15,98.0,2.3902439024390243,3.326350881059943,15,351.0,0.13340781205735802,15,351.0
2565.0,11,56.0,1.3333333333333333,4.136968162303638,11,290.0,0.14143585373844236,11,290.0
2570.0,11,45.0,1.0975609756097562,5.306520538880183,11,237.0,0.18031493467384074,11,237.0
2575.0,8,35.0,0.9459459459459459,6.738765004541755,8,200.0,0.2806985084822206,8,200.0
2580.0,0,0.0,0.0,7.51361770901555,0,182.0,0.41692977128158437,0,182.0
2585.0,4,17.0,0.53125,6.295246853000899,4,199.0,0.33280230804677574,4,199.0
2590.0,12,63.0,1.9090909090909092,4.308764086430629,12,245.0,0.23369408922642929,12,245.0
2595.0,13,68.0,1.837837837837838,3.352102859913544,13,262.0,0.1955540530546624,13,262.0
2600.0,11,40.0,0.9523809523809523,4.283257176908398,11,218.0,0.19838774860987043,11,218.0
2605.0,10,33.0,0.7674418604651163,5.266401155674229,10,162.0,0.19919271044656467,10,162.0
2610.0,5,9.0,0.23076923076923078,4.674272858030177,5,184.0,0.2076948671460309,5,184.0
2615.0,6,26.0,0.7222222222222222,5.268650759067161,6,206.0,0.2087182462609952,6,206.0
2620.0,13,78.0,2.0526315789473686,4.2015066650746595,13,258.0,0.19472679527879166,13,258.0
2625.0,13,77.0,1.9743589743589745,2.7147684081981445,13,276.0,0.17444888195707633,13,276.0
2630.0,9,41.0,0.9534883720930233,4.093579966597768,9,235.0,0.20497814711386486,9,235.0
2635.0,11,35.0,0.7608695652173914,4.952197828402999,11,200.0,0.2372206359396501,11,200.0
2640.0,7,22.0,0.5116279069767442,4.941165678478087,7,221.0,0.24993179263554455,7,221.0
2645.0,7,27.0,0.6585365853658537,5.6607922336113,7,240.0,0.24304208100009708,7,240.0
2650.0,13,79.0,2.0256410256410255,4.311197523507518,13,292.0,0.14319204538543198,13,292.0
2655.0,15,78.0,2.0,3.116878731186568,15,313.0,0.15158685522459733,15,313.0
2660.0,11,50.0,1.2195121951219512,3.9561573175204563,11,278.0,0.21070161009170923,11,278.0
2665.0,10,44.0,0.9777777777777777,5.173949854835201,10,234.0,0.2482035649411586,10,234.0
2670.0,6,18.0,0.4186046511627907,5.020252195710963,6,240.0,0.2680104514845634,6,240.0
2675.0,7,23.0,0.5609756097560976,5.948870361864296,7,265.0,0.23372591713655103,7,265.0
2680.0,13,77.0,1.9743589743589745,4.409837130236785,13,319.0,0.12975038079609788,13,319.0
2685.0,14,82.0,2.1578947368421053,2.658999332750565,14,332.0,0.10975974666001329,14,332.0
2690.0,11,48.0,1.2,4.011810195207495,11,294.0,0.19723419636981054,11,294.0
2695.0,12,42.0,0.9767441860465116,5.664740403046945,12,238.0,0.24114255991843325,12,238.0
2700.0,6,26.0,0.65,5.55091582860581,6,259.0,0.25364253510889534,6,259.0
2705.0,7,24.0,0.6,6.13807861631385,7,287.0,0.29488373694661196,7,287.0
2710.0,12,71.0,1.868421052631579,3.933804273753877,12,334.0,0.20994075569435,12,334.0
2715.0,19,155.0,4.1891891891891895,2.1891843667575572,19,418.0,0.07828804946461339,19,418.0
2720.0,20,160.0,3.8095238095238093,2.5380671988131436,20,450.0,0.09229194009644665,20,450.0
2725.0,17,113.0,2.5681818181818183,4.122890230736975,17,418.0,0.15546687296734732,17,418.0
2730.0,15,92.0,2.090909090909091,5.806429716267977,15,341.0,0.24740605017665593,15,341.0
2735.0,7,43.0,1.075,6.947073084805433,7,264.0,0.3244495404748724,7,264.0
2740.0,5,33.0,0.868421052631579,8.25337818233214,5,215.0,0.4612460287549489,5,215.0
2745.0,1,1.0,0.02631578947368421,8.27422466735852,1,169.0,0.5106515321326791,1,169.0
2750.0,6,19.0,0.5135135135135135,7.217750396352507,6,166.0,0.3616016168664977,6,166.0
2755.0,12,68.0,1.7435897435897436,6.296716487985972,12,215.0,0.2980211100705868,12,215.0
2760.0,13,73.0,1.825,4.750789251502663,13,228.0,0.25860372811020677,13,228.0
2765.0,10,39.0,0.9285714285714286,3.88188108327128,10,199.0,0.17609988105461566,10,199.0
2770.0,12,45.0,1.0465116279069768,5.141198187386076,12,143.0,0.1965200361441869,12,143.0
2775.0,4,6.0,0.13953488372093023,5.496459203387503,4,161.0,0.2710841532797459,4,161.0
2780.0,8,28.0,0.7368421052631579,5.717254283051465,8,177.0,0.25059983548078263,8,177.0
2785.0,14,85.0,2.1794871794871793,4.731524641167883,14,234.0,0.1877326329868356,14,234.0
2790.0,14,85.0,2.0238095238095237,3.9456561408397044,14,251.0,0.20438840244989695,14,251.0
2795.0,11,49.0,1.1666666666666667,4.244333724263787,11,234.0,0.17608280723752784,11,234.0
2800.0,10,38.0,0.8636363636363636,5.330439941487064,10,204.0,0.2063581694189266,10,204.0
2805.0,7,30.0,0.7317073170731707,5.260504037009452,7,229.0,0.2552266352402301,7,229.0
2810.0,8,28.0,0.7368421052631579,5.662829690157575,8,258.0,0.29627561086232823,8,258.0
2815.0,12,82.0,2.1025641025641026,4.413068866514692,12,313.0,0.21215628032652,12,313.0
2820.0,12,78.0,1.95,2.3184454106568055,12,326.0,0.11322893001538205,12,326.0
2825.0,13,51.0,1.275,3.212488952424112,13,296.0,0.12155085061914145,13,296.0
2830.0,13,62.0,1.4761904761904763,4.965564311712079,13,241.0,0.14721795070723828,13,241.0
2835.0,9,70.0,1.75,6.874086402217867,9,221.0,0.3256672114127415,9,221.0
2840.0,1,1.0,0.027777777777777776,7.242147316759563,1,190.0,0.4557804104510133,1,190.0
2845.0,5,18.0,0.47368421052631576,6.525222634478411,5,183.0,0.33905586570537616,5,183.0
2850.0,12,66.0,1.8333333333333333,4.304368609645471,12,231.0,0.17873147989374394,12,231.0
2855.0,13,70.0,1.794871794871795,3.047902988476753,13,251.0,0.14465587183156653,13,251.0
2860.0,12,47.0,1.175,3.746954639387178,12,223.0,0.1505393065512132,12,223.0
2865.0,11,43.0,1.048780487804878,5.400814030251807,11,173.0,0.1794092159667295,11,173.0
2870.0,8,34.0,0.8947368421052632,6.6320821715584195,8,153.0,0.29655934617846114,8,153.0
2875.0,3,30.0,0.8571428571428571,8.599567724469878,3,125.0,0.4874440836832915,3,125.0
2880.0,1,1.0,0.029411764705882353,8.472983520781785,1,97.0,0.5415558707744039,1,97.0
2885.0,7,25.0,0.6944444444444444,7.390183441284707,7,112.0,0.40319658149058796,7,112.0
2890.0,11,72.0,1.945945945945946,5.531492153137898,11,159.0,0.2881953070770163,11,159.0
2895.0,18,150.0,3.8461538461538463,3.652482275431744,18,237.0,0.15604948191888465,18,237.0
2900.0,19,147.0,3.675,2.2689708342175443,19,287.0,0.0784610312518161,19,287.0
2905.0,16,102.0,2.3181818181818183,3.4972868351462565,16,284.0,0.12622103975514506,16,284.0
2910.0,15,97.0,2.255813953488372,5.4248187423770595,15,256.0,0.219135676182217,15,256.0
2915.0,7,63.0,1.4651162790697674,6.882724708751901,7,244.0,0.35897536084906895,7,244.0
2920.0,2,3.0,0.08108108108108109,7.048102377435461,2,209.0,0.4047803716706246,2,209.0
2925.0,6,24.0,0.631578947368421,6.864247163123465,6,227.0,0.3238915382215154,6,227.0
2930.0,13,75.0,2.027027027027027,5.104662601701684,13,278.0,0.20887996852810445,13,278.0
2935.0,13,79.0,2.0789473684210527,3.333539162621983,13,303.0,0.1700863274996802,13,303.0
2940.0,11,52.0,1.3,3.8996036827839604,11,256.0,0.16306243587296274,11,256.0
2945.0,12,46.0,1.0952380952380953,5.187164839346935,12,213.0,0.17056026026100907,12,213.0
2950.0,9,55.0,1.4473684210526316,6.473232267852889,9,160.0,0.24832256127205732,9,160.0
2955.0,2,2.0,0.05714285714285714,7.127677503271015,2,147.0,0.3838234159784827,2,147.0
2960.0,7,25.0,0.7352941176470589,6.587513451347419,7,155.0,0.3234623541383328,7,155.0
2965.0,12,75.0,2.2058823529411766,4.1953588852507915,12,206.0,0.1386090475103284,12,206.0
2970.0,14,76.0,2.235294117647059,2.4969955573200315,14,221.0,0.10119414461030836,14,221.0
2975.0,12,55.0,1.4473684210526316,3.537612357040212,12,206.0,0.15302885986592732,12,206.0
2980.0,8,32.0,0.8,5.632853248695207,8,180.0,0.21164791080553255,8,180.0
2985.0,7,25.0,0.6756756756756757,5.722684027730904,7,203.0,0.22386472954693182,7,203.0
2990.0,7,25.0,0.7575757575757576,4.844393267213099,7,232.0,0.22000680490313745,7,232.0
2995.0,13,77.0,2.40625,2.939119009514595,13,285.0,0.19047438251698776,13,285.0
3000.0,14,79.0,2.0256410256410255,3.285360588549255,14,307.0,0.20660024317179626,14,307.0
3005.0,10,44.0,1.1,3.755441580669377,10,222.0,0.13148185692165715,10,222.0
3010.0,11,36.0,0.8181818181818182,5.553764108905285,11,212.0,0.2143313754516566,11,212.0
3015.0,9,48.0,1.170731707317073,7.007145657983959,9,174.0,0.32822144131454667,9,174.0
3020.0,2,3.0,0.08333333333333333,7.140309274800927,2,169.0,0.41965061353251826,2,169.0
3025.0,7,26.0,0.7027027027027027,6.741134252823102,7,178.0,0.3384205394627472,7,178.0
3030.0,14,83.0,2.128205128205128,5.092475929246256,14,235.0,0.238310472372759,14,235.0
3035.0,13,81.0,1.9285714285714286,3.701711027275859,13,253.0,0.19542586514419336,13,253.0
3040.0,13,50.0,1.1904761904761905,3.296022985923032,13,225.0,0.14649259372951487,13,225.0
3045.0,12,59.0,1.2826086956521738,5.120214135980734,12,188.0,0.21853882266614802,12,188.0
3050.0,7,23.0,0.5227272727272727,5.244613461288547,7,222.0,0.25666837136949633,7,222.0
3055.0,7,27.0,0.627906976744186,6.286141134329392,7,235.0,0.31407659834385837,7,235.0
3060.0,14,84.0,2.0,5.356006484149638,14,292.0,0.23017995211488443,14,292.0
3065.0,14,88.0,2.0952380952380953,3.7472464096347693,14,315.0,0.14998133770202532,14,315.0
3070.0,12,52.0,1.2380952380952381,3.9382776417441923,12,281.0,0.16901366179942845,12,281.0
3075.0,12,48.0,1.0909090909090908,5.169015924167398,12,226.0,0.19631092603031128,12,226.0
3080.0,8,51.0,1.2439024390243902,6.211046022417225,8,215.0,0.2937359754621237,8,215.0
3085.0,5,61.0,1.605263157894737,7.478985850889984,5,167.0,0.4100941634979283,5,167.0
3090.0,2,2.0,0.05405405405405406,7.348989756567511,2,146.0,0.46183767950561677,2,146.0
3095.0,8,29.0,0.725,6.778045335250941,8,135.0,0.36849003000596814,8,135.0
3100.0,14,87.0,2.289473684210526,5.0671212217439745,14,193.0,0.22466588391061035,14,193.0
3105.0,14,85.0,2.1794871794871793,3.4494356772527204,14,217.0,0.1446101170484981,14,217.0
3110.0,14,55.0,1.375,3.9118614835149508,14,205.0,0.14470897459129117,14,205.0
3115.0,10,48.0,1.170731707317073,5.17216119406741,10,164.0,0.1626427780823694,10,164.0
3120.0,6,41.0,1.0,7.16751248938762,6,137.0,0.3663241207434466,6,137.0
3125.0,1,1.0,0.02702702702702703,7.962916976089369,1,106.0,0.484455676060229,1,106.0
3130.0,7,23.0,0.6571428571428571,6.671753786029371,7,120.0,0.30607627350750855,7,120.0
3135.0,14,75.0,2.2058823529411766,4.228491303731019,14,173.0,0.14811407709426136,14,173.0
3140.0,14,74.0,2.0,3.131405672599584,14,205.0,0.1606612884381066,14,205.0
3145.0,9,41.0,1.0512820512820513,4.09924838115166,9,190.0,0.19623536595396399,9,190.0
3150.0,9,28.0,0.6666666666666666,5.4402981424011285,9,157.0,0.22347957684776246,9,157.0
3155.0,8,26.0,0.6666666666666666,5.290699732131234,8,184.0,0.2519749244455436,8,184.0
3160.0,8,25.0,0.6944444444444444,5.318242945313003,8,215.0,0.25637972400161185,8,215.0
3165.0,15,82.0,2.2777777777777777,3.7635819026458535,15,273.0,0.16847448733769993,15,273.0
3170.0,13,84.0,2.3333333333333335,2.747668363602379,13,296.0,0.13613843891719496,13,296.0
3175.0,11,45.0,1.1538461538461537,3.457973051501407,11,268.0,0.14481972920055525,11,268.0
3180.0,12,49.0,1.1395348837209303,5.587969600839666,12,221.0,0.2183515764475687,12,221.0
3185.0,8,46.0,1.1219512195121952,7.4795887782729125,8,197.0,0.39985974336338176,8,197.0
3190.0,2,3.0,0.08108108108108109,7.33430148884801,2,176.0,0.42825610057547264,2,176.0
3195.0,6,22.0,0.5789473684210527,6.7567748396443905,6,194.0,0.3358390764172381,6,194.0
3200.0,13,72.0,1.894736842105263,4.8102807315414,13,244.0,0.2396892128428946,13,244.0
3205.0,14,77.0,1.8780487804878048,3.492262633582441,14,265.0,0.15785609336369158,14,265.0
3210.0,11,49.0,1.1951219512195121,4.252642978569289,11,234.0,0.18455828102718308,11,234.0
3215.0,12,43.0,1.0238095238095237,5.110208224774159,12,181.0,0.1546577504826184,12,181.0
3220.0,7,45.0,1.1538461538461537,6.454897021311725,7,170.0,0.2990461632896841,7,170.0
3225.0,0,0.0,0.0,7.479626602691815,0,130.0,0.4045125378080648,0,130.0
3230.0,6,17.0,0.4857142857142857,6.670347370785649,6,135.0,0.32311301819240895,6,135.0
3235.0,12,65.0,1.911764705882353,4.395514301360741,12,183.0,0.17708856575876727,12,183.0
3240.0,14,69.0,2.090909090909091,2.4729031374037853,14,204.0,0.13663722953867025,14,204.0
3245.0,11,39.0,1.054054054054054,4.518452176182928,11,195.0,0.22059114613440384,11,195.0
3250.0,8,34.0,0.8095238095238095,6.25882179389428,8,154.0,0.27061897431544524,8,154.0
3255.0,6,27.0,0.675,7.356779968781929,6,132.0,0.3601558974448797,6,132.0
3260.0,2,4.0,0.11428571428571428,6.933925492104612,2,111.0,0.3658906009267752,2,111.0
3265.0,8,32.0,0.9696969696969697,6.385497340970028,8,139.0,0.3035606119799804,8,139.0
3270.0,13,86.0,2.5294117647058822,4.183202657445651,13,193.0,0.19314662399506857,13,193.0
3275.0,14,87.0,2.4166666666666665,3.1943249362109913,14,218.0,0.20407377203983598,14,218.0
3280.0,10,47.0,1.175,4.321415418394831,10,183.0,0.2085061336239155,10,183.0
3285.0,10,37.0,0.8809523809523809,5.354247885640386,10,157.0,0.180926366840184,10,157.0
3290.0,9,41.0,1.0789473684210527,6.5241643514572205,9,144.0,0.27052904585016113,9,144.0
3295.0,4,34.0,0.9714285714285714,8.28082127645961,4,121.0,0.4681340438882454,4,121.0
3300.0,1,1.0,0.02857142857142857,8.077114967476067,1,98.0,0.5164079169426701,1,98.0
3305.0,6,22.0,0.6285714285714286,6.405875743630026,6,102.0,0.33600377006970805,6,102.0
3310.0,13,73.0,1.9210526315789473,4.545093216210174,13,153.0,0.2526833331951238,13,153.0
3315.0,14,75.0,1.9230769230769231,3.5952113538082338,14,188.0,0.18743202070578505,14,188.0
3320.0,11,49.0,1.1666666666666667,3.431028079435871,11,183.0,0.16464458420903527,11,183.0
3325.0,12,54.0,1.173913043478261,5.670490499151481,12,156.0,0.25481591035038526,12,156.0
3330.0,10,64.0,1.3617021276595744,6.543585788173897,10,154.0,0.32738986572863665,10,154.0
3335.0,4,5.0,0.11904761904761904,6.243995499923304,4,144.0,0.3391336961278664,4,144.0
3340.0,6,24.0,0.5853658536585366,6.328864560698828,6,134.0,0.31414208915248415,6,134.0
3345.0,12,72.0,1.7560975609756098,5.307829653268863,12,179.0,0.18450578923472669,12,179.0
3350.0,13,73.0,1.7380952380952381,4.071423413900877,13,209.0,0.16433694743289945,13,209.0
3355.0,11,49.0,1.2564102564102564,4.184988277049401,11,182.0,0.14538476545741263,11,182.0
3360.0,9,31.0,0.775,5.3156649862709395,9,156.0,0.17556763984678084,9,156.0
3365.0,7,28.0,0.7567567567567568,6.88043073022312,7,133.0,0.2975518571143292,7,133.0
3370.0,2,3.0,0.08823529411764706,7.308353827761804,2,130.0,0.40916191396343843,2,130.0
3375.0,8,31.0,0.9393939393939394,6.167763462946223,8,158.0,0.3292481339901625,8,158.0
3380.0,15,90.0,2.5,4.176006638014426,15,217.0,0.19362576206912074,15,217.0
3385.0,13,88.0,2.2564102564102564,2.8637950130493968,13,242.0,0.1352791324487535,13,242.0
3390.0,11,49.0,1.1395348837209303,4.538749429283844,11,226.0,0.21378282901467197,11,226.0
3395.0,13,48.0,1.0666666666666667,5.562248312074154,13,198.0,0.24190243727389293,13,198.0
3400.0,7,24.0,0.5581395348837209,5.303938557799695,7,214.0,0.24008798463096806,7,214.0
3405.0,6,25.0,0.6097560975609756,6.380285721141038,6,239.0,0.3019299007369244,6,239.0
3410.0,15,81.0,1.975609756097561,4.743337484747944,15,295.0,0.21531657695893855,15,295.0
3415.0,20,168.0,4.097560975609756,3.251087112950326,20,382.0,0.13844023260429297,20,382.0
3420.0,21,173.0,4.023255813953488,2.6758254656024905,21,425.0,0.1225256772061314,21,425.0
3425.0,19,124.0,2.6956521739130435,3.9539180542497623,19,404.0,0.18009746169542779,19,404.0
3430.0,17,113.0,2.3541666666666665,5.635995452581095,17,353.0,0.23890078292978936,17,353.0
3435.0,7,53.0,1.1777777777777778,4.970154095603818,7,391.0,0.23548220753276503,7,391.0
3440.0,6,22.0,0.5365853658536586,5.2630506066175915,6,405.0,0.24435837347170675,6,405.0
3445.0,13,74.0,1.8048780487804879,4.699133782155583,13,457.0,0.1484998027524133,13,457.0
3450.0,13,73.0,1.6590909090909092,3.8591297727312694,13,459.0,0.15707352887284642,13,459.0
3455.0,9,46.0,1.069767441860465,4.418707786374336,9,391.0,0.1600770253690761,9,391.0
3460.0,10,29.0,0.6904761904761905,5.483975528985864,10,271.0,0.19170276866024824,10,271.0
3465.0,8,30.0,0.7317073170731707,7.583289633323828,8,209.0,0.3795600762063735,8,209.0
3470.0,3,5.0,0.13513513513513514,7.221818532028206,3,208.0,0.42336618962878214,3,208.0
3475.0,9,37.0,1.0,6.422704819712886,9,239.0,0.29997971707975624,9,239.0
3480.0,14,94.0,2.473684210526316,4.808513309184736,14,296.0,0.1672689862025842,14,296.0
3485.0,15,95.0,2.4358974358974357,3.4862626647818264,15,315.0,0.1575668329381803,15,315.0
3490.0,11,58.0,1.4146341463414633,4.041966284166561,11,233.0,0.14911792341655708,11,233.0
3495.0,12,51.0,1.2142857142857142,5.910776125046192,12,192.0,0.22998797965940385,12,192.0
3500.0,6,33.0,0.868421052631579,7.011793228845693,6,171.0,0.3587644830090398,6,171.0
3505.0,1,1.0,0.027777777777777776,7.190918950383229,1,150.0,0.42102838494912825,1,150.0
3510.0,6,22.0,0.5945945945945946,6.30959182839981,6,171.0,0.31890253533168755,6,171.0
3515.0,13,73.0,1.972972972972973,4.721484306455426,13,223.0,0.23107101123378831,13,223.0
3520.0,14,75.0,1.9230769230769231,3.20142352566177,14,244.0,0.1812473847911655,14,244.0
3525.0,10,45.0,1.125,3.476319446418999,10,225.0,0.1464332596566171,10,225.0
3530.0,10,39.0,0.9285714285714286,5.251506032394396,10,180.0,0.1758262916271422,10,180.0
3535.0,5,10.0,0.25,5.053972628818471,5,201.0,0.21994583493377212,5,201.0
3540.0,8,28.0,0.7567567567567568,5.750412092723725,8,222.0,0.2875009498334256,8,222.0
3545.0,13,83.0,2.1842105263157894,4.087732071026082,13,277.0,0.19963516422160554,13,277.0
3550.0,13,76.0,2.0,2.30522398830434,13,289.0,0.13674725319405437,13,289.0
3555.0,13,53.0,1.2619047619047619,3.6021710363660966,13,252.0,0.17751754125669836,13,252.0
3560.0,11,45.0,0.9782608695652174,5.617350627410291,11,193.0,0.25757078237021147,11,193.0
3565.0,6,17.0,0.38636363636363635,5.217706903128735,6,217.0,0.24705460693439926,6,217.0
3570.0,8,32.0,0.7804878048780488,6.234466709505671,8,236.0,0.2998075101603998,8,236.0
3575.0,14,89.0,2.119047619047619,4.935292471137463,14,294.0,0.21122699547917076,14,294.0
3580.0,16,91.0,2.1666666666666665,3.4156824508050967,16,318.0,0.1235002310327035,16,318.0
3585.0,14,71.0,1.775,3.322198045091035,14,291.0,0.13401707329239113,14,291.0
3590.0,13,61.0,1.4523809523809523,4.811753352544437,13,235.0,0.1631276402802263,13,235.0
3595.0,9,63.0,1.5,6.276223961279096,9,228.0,0.3300204691504045,9,228.0
3600.0,1,1.0,0.02631578947368421,7.349311536730856,1,188.0,0.43770823959216776,1,188.0
3605.0,8,22.0,0.6111111111111112,6.638861522685472,8,194.0,0.3087832613162826,8,194.0
3610.0,13,75.0,2.027027027027027,4.938236625573563,13,247.0,0.1920653741652753,13,247.0
3615.0,14,79.0,2.135135135135135,3.1913083302958767,14,269.0,0.1478354875697173,14,269.0
3620.0,9,39.0,1.0,4.2881821227128984,9,228.0,0.19793723378108494,9,228.0
3625.0,10,27.0,0.627906976744186,5.363180087040193,10,163.0,0.2106488501339906,10,163.0
3630.0,7,27.0,0.675,6.957846011473061,7,138.0,0.31261823325853627,7,138.0
3635.0,1,3.0,0.08108108108108109,6.782282248972088,1,139.0,0.3545790218614894,1,139.0
3640.0,7,25.0,0.7142857142857143,6.084656520719769,7,159.0,0.27560693778005335,7,159.0
3645.0,13,76.0,2.111111111111111,4.119672661142212,13,211.0,0.16452710369554976,13,211.0
3650.0,11,72.0,1.945945945945946,2.5164376899395284,11,227.0,0.12174260001477433,11,227.0
3655.0,11,43.0,1.162162162162162,2.8837705799479982,11,201.0,0.09057065607121788,11,201.0
3660.0,9,32.0,0.8205128205128205,5.043348824958521,9,161.0,0.1316155898532757,9,161.0
3665.0,7,29.0,0.7631578947368421,7.1155486118650755,7,148.0,0.3222379148436552,7,148.0
3670.0,0,0.0,0.0,7.720507424537615,0,123.0,0.42877475198635456,0,123.0
3675.0,5,17.0,0.5,6.289243558249741,5,140.0,0.3487901034196333,5,140.0
3680.0,12,64.0,1.9393939393939394,4.280058739733456,12,187.0,0.24196097579834647,12,187.0
3685.0,12,65.0,1.7105263157894737,3.1146817853629316,12,209.0,0.19106691246974306,12,209.0
3690.0,12,42.0,1.024390243902439,3.9041290260545116,12,197.0,0.1902168833240109,12,197.0
3695.0,10,49.0,1.0888888888888888,5.665184926293804,10,167.0,0.23617146728117183,10,167.0
3700.0,11,61.0,1.4186046511627908,6.862706152986268,11,168.0,0.3536314539058262,11,168.0
3705.0,2,3.0,0.07692307692307693,6.728097155709254,2,136.0,0.3594180454577952,2,136.0
3710.0,7,22.0,0.5641025641025641,6.355797387936245,7,129.0,0.29824061410991065,7,129.0
3715.0,13,73.0,1.825,5.132588827905343,13,180.0,0.1950270965634776,13,180.0
3720.0,14,79.0,1.8372093023255813,4.317636508441965,14,205.0,0.20828687316450192,14,205.0
3725.0,11,50.0,1.1627906976744187,4.771460232639749,11,186.0,0.19732822432276595,11,186.0
3730.0,10,39.0,0.9069767441860465,5.3564050123434885,10,166.0,0.1713251340682521,10,166.0
3735.0,8,37.0,0.9024390243902439,6.810857901626363,8,153.0,0.2984498482965293,8,153.0
3740.0,1,1.0,0.02857142857142857,7.131692053177342,1,140.0,0.3845342714023056,1,140.0
3745.0,6,22.0,0.6285714285714286,5.991122444049424,6,145.0,0.29278814573320006,6,145.0
3750.0,12,73.0,1.9210526315789473,5.127246474176641,12,196.0,0.2524086941605487,12,196.0
3755.0,12,71.0,1.7317073170731707,4.333705272043642,12,216.0,0.26380247775812027,12,216.0
3760.0,11,41.0,0.9761904761904762,3.7380893775456565,11,202.0,0.18179140625468249,11,202.0
3765.0,12,47.0,1.0444444444444445,5.089676423178105,12,165.0,0.17373328329015353,12,165.0
3770.0,6,12.0,0.2857142857142857,5.267514701047373,6,192.0,0.24098186506639704,6,192.0
3775.0,7,28.0,0.7567567567567568,5.424943461899656,7,209.0,0.24550170004887795,7,209.0
3780.0,14,82.0,2.1025641025641026,4.331374283889942,14,263.0,0.1608113860120003,14,263.0
3785.0,14,77.0,2.026315789473684,3.308190595207958,14,281.0,0.1676909546989193,14,281.0
3790.0,10,43.0,1.0238095238095237,4.185742071027424,10,244.0,0.21252752921652412,10,244.0
3795.0,9,32.0,0.7111111111111111,5.545142542971494,9,202.0,0.2544768990664444,9,202.0
3800.0,8,24.0,0.5581395348837209,5.584770042415333,8,221.0,0.294383861676577,8,221.0
3805.0,7,27.0,0.6923076923076923,5.70465434438744,7,252.0,0.2870379482300509,7,252.0
3810.0,13,80.0,2.0,4.720001444218681,13,305.0,0.20126553321927224,13,305.0
3815.0,13,75.0,1.875,3.43538009494425,13,316.0,0.17433196932835404,13,316.0
3820.0,11,51.0,1.2439024390243902,4.027417472978393,11,279.0,0.16422349327591598,11,279.0
3825.0,12,41.0,0.9761904761904762,5.352445588019159,12,215.0,0.20103810480119133,12,215.0
3830.0,8,35.0,0.875,6.955825133884095,8,168.0,0.3260932245481868,8,168.0
3835.0,1,2.0,0.05405405405405406,7.2488819241468105,1,158.0,0.4087105318654447,1,158.0
3840.0,7,24.0,0.631578947368421,6.69813584269734,7,174.0,0.38917021480259845,7,174.0
3845.0,12,74.0,1.9473684210526316,4.572216555058525,12,225.0,0.22324374587091006,12,225.0
3850.0,15,75.0,1.9230769230769231,2.679628377142561,15,246.0,0.1349562823334007,15,246.0
3855.0,11,50.0,1.25,3.573159330651248,11,218.0,0.1352064954043069,11,218.0
3860.0,11,50.0,1.2195121951219512,4.767801991885076,11,170.0,0.1419957581738401,11,170.0
3865.0,9,57.0,1.425,6.380862751575349,9,165.0,0.2835985730560702,9,165.0
3870.0,0,0.0,0.0,7.298778468220513,0,126.0,0.42487117936638197,0,126.0
3875.0,6,19.0,0.5428571428571428,6.528774352102958,6,130.0,0.3317838566093014,6,130.0
3880.0,13,71.0,2.1515151515151514,4.033765633349176,13,182.0,0.1519655256070622,13,182.0
3885.0,12,73.0,2.085714285714286,2.9024334382998793,12,206.0,0.13277274811570164,12,206.0
3890.0,8,33.0,0.8048780487804879,5.004662405957486,8,171.0,0.23321621070446474,8,171.0
3895.0,6,16.0,0.4,6.477659567996227,6,136.0,0.28458935581412914,6,136.0
3900.0,4,10.0,0.2564102564102564,6.815252448837912,4,89.0,0.2949020816721914,4,89.0
3905.0,2,2.0,0.05405405405405406,7.384897605490201,2,91.0,0.4197345552868386,2,91.0
3910.0,6,25.0,0.7142857142857143,6.258782212695037,6,110.0,0.30856614992842535,6,110.0
3915.0,14,78.0,2.108108108108108,4.809108666791076,14,163.0,0.22569797261168378,14,163.0
3920.0,13,75.0,1.9230769230769231,3.656049203268267,13,187.0,0.18841048289972834,13,187.0
3925.0,10,39.0,0.975,3.566178361556517,10,172.0,0.13652677530441468,10,172.0
3930.0,12,35.0,0.813953488372093,5.273583614688899,12,143.0,0.18381188137794902,12,143.0
3935.0,8,39.0,0.9512195121951219,6.997866832939859,8,147.0,0.3568494720197581,8,147.0
3940.0,3,6.0,0.15384615384615385,7.276654355220303,3,141.0,0.4215739294648571,3,141.0
3945.0,9,37.0,1.0,6.340771697319606,9,162.0,0.328913136160741,9,162.0
3950.0,15,98.0,2.5789473684210527,4.53564077829579,15,223.0,0.22167167478596592,15,223.0
3955.0,17,101.0,2.525,2.878447397153335,17,260.0,0.16406296511284818,17,260.0
3960.0,14,67.0,1.5227272727272727,4.101479496536554,14,249.0,0.23204492539845845,14,249.0
3965.0,13,69.0,1.5,4.801195760087661,13,214.0,0.19648527394299348,13,214.0
3970.0,10,70.0,1.5217391304347827,6.00385379205772,10,214.0,0.2932862416966722,10,214.0
3975.0,5,10.0,0.23255813953488372,6.615347801663892,5,195.0,0.3818472474227256,5,195.0
3980.0,7,29.0,0.6590909090909091,6.321143991935523,7,188.0,0.3256297156505302,7,188.0
3985.0,14,84.0,2.0,5.3184938700077895,14,239.0,0.19658950900415126,14,239.0
3990.0,19,169.0,3.9302325581395348,3.6060944264525006,19,324.0,0.10028658714727866,19,324.0
3995.0,21,172.0,4.3,1.8351616598206555,21,368.0,0.046930324433194774,21,368.0
4000.0,19,122.0,3.05,2.8003513631203303,19,359.0,0.06943035837331309,19,359.0
